,End_Time,End_Date,Start_Time,Start_Date,Steps
0,22:31:13,2021-08-19,21:31:13,2021-08-19,0
1,22:32:45,2021-08-19,21:32:45,2021-08-19,0
2,22:34:07,2021-08-19,21:34:07,2021-08-19,0
3,22:35:40,2021-08-19,21:35:40,2021-08-19,0
4,22:39:05,2021-08-19,21:39:05,2021-08-19,0
5,00:22:13,2021-08-19,23:22:13,2021-08-19,0
6,00:19:08,2021-08-19,23:19:08,2021-08-19,0
7,00:28:13,2021-08-19,23:28:13,2021-08-19,0
8,23:12:40,2021-08-19,22:12:40,2021-08-19,0
9,01:05:03,2021-08-20,00:05:03,2021-08-20,0
10,01:37:04,2021-08-20,00:37:04,2021-08-20,0
11,02:56:23,2021-08-20,01:56:23,2021-08-20,0
12,02:34:07,2021-08-20,01:34:07,2021-08-20,0
13,02:57:35,2021-08-20,01:57:35,2021-08-20,0
14,03:00:40,2021-08-20,02:00:40,2021-08-20,0
15,00:54:25,2021-08-20,23:54:25,2021-08-20,0
16,03:40:55,2021-08-20,02:40:55,2021-08-20,0
17,03:59:15,2021-08-20,02:59:15,2021-08-20,0
18,05:06:45,2021-08-20,04:06:45,2021-08-20,0
19,05:25:15,2021-08-20,04:25:15,2021-08-20,0
20,05:25:25,2021-08-20,04:25:25,2021-08-20,0
21,04:40:53,2021-08-20,03:40:53,2021-08-20,0
22,04:54:45,2021-08-20,03:54:45,2021-08-20,0
23,22:37:33,2021-08-20,21:37:33,2021-08-20,0
24,00:23:14,2021-08-20,23:23:14,2021-08-20,0
25,22:43:00,2021-08-20,21:43:00,2021-08-20,0
26,00:26:18,2021-08-20,23:26:18,2021-08-20,0
27,00:42:31,2021-08-21,23:42:31,2021-08-21,0
28,22:44:00,2021-08-21,21:44:00,2021-08-21,0
29,22:46:43,2021-08-21,21:46:43,2021-08-21,0
30,23:27:01,2021-08-21,22:27:01,2021-08-21,0
31,23:24:17,2021-08-21,22:24:17,2021-08-21,0
32,23:44:57,2021-08-21,22:44:57,2021-08-21,0
33,23:50:24,2021-08-21,22:50:24,2021-08-21,0
34,00:55:17,2021-08-22,23:55:17,2021-08-22,0
35,00:13:38,2021-08-21,23:13:38,2021-08-21,0
36,01:47:42,2021-08-22,00:47:42,2021-08-22,0
37,23:58:16,2021-08-21,22:58:16,2021-08-21,0
38,01:50:57,2021-08-22,00:50:57,2021-08-22,0
39,02:33:17,2021-08-22,01:33:17,2021-08-22,0
40,02:54:58,2021-08-22,01:54:58,2021-08-22,0
41,03:27:54,2021-08-22,02:27:54,2021-08-22,0
42,03:30:49,2021-08-22,02:30:49,2021-08-22,0
43,03:10:40,2021-08-22,02:10:40,2021-08-22,0
44,03:50:06,2021-08-22,02:50:06,2021-08-22,0
45,03:49:25,2021-08-22,02:49:25,2021-08-22,0
46,03:51:38,2021-08-22,02:51:38,2021-08-22,0
47,04:00:21,2021-08-22,03:00:21,2021-08-22,0
48,04:00:31,2021-08-22,03:00:31,2021-08-22,0
49,04:10:25,2021-08-22,03:10:25,2021-08-22,0
50,04:14:31,2021-08-22,03:14:31,2021-08-22,0
51,04:22:22,2021-08-22,03:22:22,2021-08-22,0
52,04:05:28,2021-08-22,03:05:28,2021-08-22,0
53,04:34:19,2021-08-22,03:34:19,2021-08-22,0
54,04:30:13,2021-08-22,03:30:13,2021-08-22,0
55,04:46:26,2021-08-22,03:46:26,2021-08-22,0
56,05:41:14,2021-08-22,04:41:14,2021-08-22,0
57,05:52:10,2021-08-22,04:52:10,2021-08-22,0
58,05:58:08,2021-08-22,04:58:08,2021-08-22,0
59,06:01:12,2021-08-22,05:01:12,2021-08-22,0
60,06:13:09,2021-08-22,05:13:09,2021-08-22,0
61,23:04:47,2021-08-22,22:04:47,2021-08-22,0
62,23:50:41,2021-08-22,22:50:41,2021-08-22,0
63,00:02:41,2021-08-22,23:02:41,2021-08-22,0
64,00:00:58,2021-08-22,23:00:58,2021-08-22,0
65,00:05:04,2021-08-22,23:05:04,2021-08-22,0
66,00:20:30,2021-08-22,23:20:30,2021-08-22,0
67,01:05:22,2021-08-23,00:05:22,2021-08-23,0
68,01:56:05,2021-08-23,00:56:05,2021-08-23,0
69,01:35:11,2021-08-23,00:35:11,2021-08-23,0
70,02:06:42,2021-08-23,01:06:42,2021-08-23,0
71,02:02:15,2021-08-23,01:02:15,2021-08-23,0
72,03:03:55,2021-08-23,02:03:55,2021-08-23,0
73,04:00:57,2021-08-23,03:00:57,2021-08-23,0
74,03:23:57,2021-08-23,02:23:57,2021-08-23,0
75,05:07:05,2021-08-23,04:07:05,2021-08-23,0
76,05:12:44,2021-08-23,04:12:44,2021-08-23,0
77,03:58:23,2021-08-23,02:58:23,2021-08-23,0
78,05:19:55,2021-08-23,04:19:55,2021-08-23,0
79,05:09:28,2021-08-23,04:09:28,2021-08-23,0
80,05:29:10,2021-08-23,04:29:10,2021-08-23,0
81,05:25:14,2021-08-23,04:25:14,2021-08-23,0
82,05:40:08,2021-08-23,04:40:08,2021-08-23,0
83,05:41:20,2021-08-23,04:41:20,2021-08-23,0
84,05:42:53,2021-08-23,04:42:53,2021-08-23,0
85,05:44:25,2021-08-23,04:44:25,2021-08-23,0
86,05:45:58,2021-08-23,04:45:58,2021-08-23,0
87,22:35:28,2021-08-23,21:35:28,2021-08-23,0
88,22:52:36,2021-08-23,21:52:36,2021-08-23,0
89,23:16:14,2021-08-23,22:16:14,2021-08-23,0
90,23:10:04,2021-08-23,22:10:04,2021-08-23,0
91,23:21:02,2021-08-23,22:21:02,2021-08-23,0
92,23:27:53,2021-08-23,22:27:53,2021-08-23,0
93,23:30:58,2021-08-23,22:30:58,2021-08-23,0
94,23:21:12,2021-08-23,22:21:12,2021-08-23,0
95,23:39:22,2021-08-23,22:39:22,2021-08-23,0
96,23:58:22,2021-08-23,22:58:22,2021-08-23,0
97,00:20:38,2021-08-23,23:20:38,2021-08-23,0
98,00:24:04,2021-08-23,23:24:04,2021-08-23,0
99,00:29:43,2021-08-23,23:29:43,2021-08-23,0
100,00:32:28,2021-08-24,23:32:28,2021-08-24,0
101,00:36:55,2021-08-24,23:36:55,2021-08-24,0
102,00:39:19,2021-08-24,23:39:19,2021-08-24,0
103,00:54:34,2021-08-24,23:54:34,2021-08-24,0
104,00:42:34,2021-08-24,23:42:34,2021-08-24,0
105,02:35:27,2021-08-24,01:35:27,2021-08-24,0
106,03:04:04,2021-08-24,02:04:04,2021-08-24,0
107,04:18:35,2021-08-24,03:18:35,2021-08-24,0
108,04:02:49,2021-08-24,03:02:49,2021-08-24,0
109,03:51:52,2021-08-24,02:51:52,2021-08-24,0
110,04:29:12,2021-08-24,03:29:12,2021-08-24,0
111,04:23:23,2021-08-24,03:23:23,2021-08-24,0
112,04:48:23,2021-08-24,03:48:23,2021-08-24,0
113,04:49:46,2021-08-24,03:49:46,2021-08-24,0
114,04:53:32,2021-08-24,03:53:32,2021-08-24,0
115,04:57:49,2021-08-24,03:57:49,2021-08-24,0
116,05:07:34,2021-08-24,04:07:34,2021-08-24,0
117,05:09:27,2021-08-24,04:09:27,2021-08-24,0
118,05:26:25,2021-08-24,04:26:25,2021-08-24,0
119,05:13:55,2021-08-24,04:13:55,2021-08-24,0
120,05:31:23,2021-08-24,04:31:23,2021-08-24,0
121,05:32:55,2021-08-24,04:32:55,2021-08-24,0
122,05:28:08,2021-08-24,04:28:08,2021-08-24,0
123,05:34:28,2021-08-24,04:34:28,2021-08-24,0
124,05:36:42,2021-08-24,04:36:42,2021-08-24,0
125,05:45:05,2021-08-24,04:45:05,2021-08-24,0
126,05:47:39,2021-08-24,04:47:39,2021-08-24,0
127,06:15:24,2021-08-24,05:15:24,2021-08-24,0
128,06:27:54,2021-08-24,05:27:54,2021-08-24,0
129,06:17:07,2021-08-24,05:17:07,2021-08-24,0
130,23:20:06,2021-08-24,22:20:06,2021-08-24,0
131,23:34:16,2021-08-24,22:34:16,2021-08-24,0
132,23:39:54,2021-08-24,22:39:54,2021-08-24,0
133,23:42:38,2021-08-24,22:42:38,2021-08-24,0
134,23:51:51,2021-08-24,22:51:51,2021-08-24,0
135,00:13:11,2021-08-24,23:13:11,2021-08-24,0
136,23:52:52,2021-08-24,22:52:52,2021-08-24,0
137,23:54:45,2021-08-24,22:54:45,2021-08-24,0
138,00:23:46,2021-08-24,23:23:46,2021-08-24,0
139,00:14:43,2021-08-24,23:14:43,2021-08-24,0
140,00:32:18,2021-08-25,23:32:18,2021-08-25,0
141,00:36:55,2021-08-25,23:36:55,2021-08-25,0
142,00:49:53,2021-08-25,23:49:53,2021-08-25,0
143,00:38:37,2021-08-25,23:38:37,2021-08-25,0
144,00:55:11,2021-08-25,23:55:11,2021-08-25,0
145,00:58:56,2021-08-25,23:58:56,2021-08-25,0
146,00:56:43,2021-08-25,23:56:43,2021-08-25,0
147,01:07:08,2021-08-25,00:07:08,2021-08-25,0
148,01:07:18,2021-08-25,00:07:18,2021-08-25,0
149,01:05:36,2021-08-25,00:05:36,2021-08-25,0
150,02:50:34,2021-08-25,01:50:34,2021-08-25,0
151,02:20:11,2021-08-25,01:20:11,2021-08-25,0
152,03:50:18,2021-08-25,02:50:18,2021-08-25,0
153,03:01:50,2021-08-25,02:01:50,2021-08-25,0
154,04:01:55,2021-08-25,03:01:55,2021-08-25,0
155,04:11:49,2021-08-25,03:11:49,2021-08-25,0
156,04:12:50,2021-08-25,03:12:50,2021-08-25,0
157,04:28:12,2021-08-25,03:28:12,2021-08-25,0
158,04:19:30,2021-08-25,03:19:30,2021-08-25,0
159,04:55:51,2021-08-25,03:55:51,2021-08-25,0
160,04:57:23,2021-08-25,03:57:23,2021-08-25,0
161,05:25:13,2021-08-25,04:25:13,2021-08-25,0
162,05:29:39,2021-08-25,04:29:39,2021-08-25,0
163,05:32:43,2021-08-25,04:32:43,2021-08-25,0
164,05:56:47,2021-08-25,04:56:47,2021-08-25,0
165,22:37:20,2021-08-25,21:37:20,2021-08-25,0
166,22:48:08,2021-08-25,21:48:08,2021-08-25,0
167,00:38:06,2021-08-26,23:38:06,2021-08-26,0
168,00:56:37,2021-08-26,23:56:37,2021-08-26,0
169,00:53:01,2021-08-26,23:53:01,2021-08-26,0
170,01:36:11,2021-08-26,00:36:11,2021-08-26,0
171,01:40:28,2021-08-26,00:40:28,2021-08-26,0
172,01:45:16,2021-08-26,00:45:16,2021-08-26,0
173,01:48:41,2021-08-26,00:48:41,2021-08-26,0
174,01:54:51,2021-08-26,00:54:51,2021-08-26,0
175,03:07:50,2021-08-26,02:07:50,2021-08-26,0
176,03:26:51,2021-08-26,02:26:51,2021-08-26,0
177,03:48:46,2021-08-26,02:48:46,2021-08-26,0
178,03:55:58,2021-08-26,02:55:58,2021-08-26,0
179,03:53:13,2021-08-26,02:53:13,2021-08-26,0
180,04:11:33,2021-08-26,03:11:33,2021-08-26,0
181,04:15:40,2021-08-26,03:15:40,2021-08-26,0
182,22:31:44,2021-08-29,21:31:44,2021-08-29,0
183,22:40:18,2021-08-29,21:40:18,2021-08-29,0
184,22:43:43,2021-08-29,21:43:43,2021-08-29,0
185,00:28:39,2021-08-30,23:28:39,2021-08-30,0
186,00:29:10,2021-08-30,23:29:10,2021-08-30,0
187,00:34:38,2021-08-31,23:34:38,2021-08-31,0
188,01:04:41,2021-08-31,00:04:41,2021-08-31,0
189,01:11:21,2021-08-31,00:11:21,2021-08-31,0
190,01:12:32,2021-08-31,00:12:32,2021-08-31,0
191,01:32:51,2021-08-31,00:32:51,2021-08-31,0
192,02:08:01,2021-08-31,01:08:01,2021-08-31,0
193,02:47:07,2021-08-31,01:47:07,2021-08-31,0
194,03:29:37,2021-08-31,02:29:37,2021-08-31,0
195,02:41:49,2021-08-31,01:41:49,2021-08-31,0
196,02:05:07,2021-08-31,01:05:07,2021-08-31,0
197,03:31:40,2021-08-31,02:31:40,2021-08-31,0
198,04:36:01,2021-08-31,03:36:01,2021-08-31,0
199,05:22:27,2021-08-31,04:22:27,2021-08-31,0
200,05:37:49,2021-08-31,04:37:49,2021-08-31,0
201,05:03:10,2021-08-31,04:03:10,2021-08-31,0
202,05:50:27,2021-08-31,04:50:27,2021-08-31,0
203,05:55:44,2021-08-31,04:55:44,2021-08-31,0
204,05:58:38,2021-08-31,04:58:38,2021-08-31,0
205,06:09:03,2021-08-31,05:09:03,2021-08-31,0
206,06:19:38,2021-08-31,05:19:38,2021-08-31,0
207,06:27:09,2021-08-31,05:27:09,2021-08-31,0
208,05:53:11,2021-08-31,04:53:11,2021-08-31,0
209,22:41:43,2021-08-31,21:41:43,2021-08-31,0
210,23:13:49,2021-08-31,22:13:49,2021-08-31,0
211,00:34:03,2021-09-01,23:34:03,2021-09-01,0
212,00:33:02,2021-09-01,23:33:02,2021-09-01,0
213,00:53:31,2021-09-01,23:53:31,2021-09-01,0
214,01:56:40,2021-09-01,00:56:40,2021-09-01,0
215,01:02:33,2021-09-01,00:02:33,2021-09-01,0
216,00:23:07,2021-08-31,23:23:07,2021-08-31,0
217,02:45:50,2021-09-01,01:45:50,2021-09-01,0
218,02:50:06,2021-09-01,01:50:06,2021-09-01,0
219,23:36:33,2021-09-01,22:36:33,2021-09-01,0
220,22:35:44,2021-09-01,21:35:44,2021-09-01,0
221,00:05:20,2021-09-01,23:05:20,2021-09-01,0
222,23:43:14,2021-09-01,22:43:14,2021-09-01,0
223,00:27:46,2021-09-01,23:27:46,2021-09-01,0
224,00:06:42,2021-09-01,23:06:42,2021-09-01,0
225,00:23:19,2021-09-01,23:23:19,2021-09-01,0
226,00:31:53,2021-09-02,23:31:53,2021-09-02,0
227,00:33:05,2021-09-02,23:33:05,2021-09-02,0
228,00:37:22,2021-09-02,23:37:22,2021-09-02,0
229,00:44:54,2021-09-02,23:44:54,2021-09-02,0
230,00:42:30,2021-09-02,23:42:30,2021-09-02,0
231,00:49:32,2021-09-02,23:49:32,2021-09-02,0
232,00:55:42,2021-09-02,23:55:42,2021-09-02,0
233,01:01:52,2021-09-02,00:01:52,2021-09-02,0
234,01:06:19,2021-09-02,00:06:19,2021-09-02,0
235,01:00:29,2021-09-02,00:00:29,2021-09-02,0
236,01:21:54,2021-09-02,00:21:54,2021-09-02,0
237,01:34:04,2021-09-02,00:34:04,2021-09-02,0
238,01:29:57,2021-09-02,00:29:57,2021-09-02,0
239,01:23:37,2021-09-02,00:23:37,2021-09-02,0
240,01:37:50,2021-09-02,00:37:50,2021-09-02,0
241,01:54:06,2021-09-02,00:54:06,2021-09-02,0
242,01:59:25,2021-09-02,00:59:25,2021-09-02,0
243,02:08:40,2021-09-02,01:08:40,2021-09-02,0
244,02:13:17,2021-09-02,01:13:17,2021-09-02,0
245,04:28:27,2021-09-02,03:28:27,2021-09-02,0
246,02:56:48,2021-09-02,01:56:48,2021-09-02,0
247,02:32:18,2021-09-02,01:32:18,2021-09-02,0
248,04:34:37,2021-09-02,03:34:37,2021-09-02,0
249,04:33:04,2021-09-02,03:33:04,2021-09-02,0
250,05:24:17,2021-09-02,04:24:17,2021-09-02,0
251,06:23:44,2021-09-02,05:23:44,2021-09-02,0
252,04:57:13,2021-09-02,03:57:13,2021-09-02,0
253,23:49:27,2021-09-05,22:49:27,2021-09-05,0
254,23:50:59,2021-09-05,22:50:59,2021-09-05,0
255,00:08:14,2021-09-05,23:08:14,2021-09-05,0
256,00:16:46,2021-09-05,23:16:46,2021-09-05,0
257,00:03:57,2021-09-05,23:03:57,2021-09-05,0
258,00:19:30,2021-09-05,23:19:30,2021-09-05,0
259,00:16:56,2021-09-05,23:16:56,2021-09-05,0
260,00:24:47,2021-09-05,23:24:47,2021-09-05,0
261,00:30:15,2021-09-06,23:30:15,2021-09-06,0
262,00:33:40,2021-09-06,23:33:40,2021-09-06,0
263,00:52:06,2021-09-06,23:52:06,2021-09-06,0
264,00:35:53,2021-09-06,23:35:53,2021-09-06,0
265,00:53:28,2021-09-06,23:53:28,2021-09-06,0
266,01:05:46,2021-09-06,00:05:46,2021-09-06,0
267,01:12:26,2021-09-06,00:12:26,2021-09-06,0
268,01:47:46,2021-09-06,00:47:46,2021-09-06,0
269,01:38:43,2021-09-06,00:38:43,2021-09-06,0
270,01:55:27,2021-09-06,00:55:27,2021-09-06,0
271,02:00:03,2021-09-06,01:00:03,2021-09-06,0
272,01:57:30,2021-09-06,00:57:30,2021-09-06,0
273,02:04:50,2021-09-06,01:04:50,2021-09-06,0
274,02:13:53,2021-09-06,01:13:53,2021-09-06,0
275,02:22:04,2021-09-06,01:22:04,2021-09-06,0
276,02:18:50,2021-09-06,01:18:50,2021-09-06,0
277,02:33:51,2021-09-06,01:33:51,2021-09-06,0
278,02:41:42,2021-09-06,01:41:42,2021-09-06,0
279,02:58:57,2021-09-06,01:58:57,2021-09-06,0
280,02:46:09,2021-09-06,01:46:09,2021-09-06,0
281,03:05:05,2021-09-06,02:05:05,2021-09-06,0
282,03:24:13,2021-09-06,02:24:13,2021-09-06,0
283,03:21:18,2021-09-06,02:21:18,2021-09-06,0
284,03:07:49,2021-09-06,02:07:49,2021-09-06,0
285,03:34:37,2021-09-06,02:34:37,2021-09-06,0
286,03:44:01,2021-09-06,02:44:01,2021-09-06,0
287,04:48:42,2021-09-06,03:48:42,2021-09-06,0
288,05:13:37,2021-09-06,04:13:37,2021-09-06,0
289,05:05:46,2021-09-06,04:05:46,2021-09-06,0
290,05:15:10,2021-09-06,04:15:10,2021-09-06,0
291,06:11:19,2021-09-06,05:11:19,2021-09-06,0
292,06:23:36,2021-09-06,05:23:36,2021-09-06,0
293,06:15:15,2021-09-06,05:15:15,2021-09-06,0
294,05:25:14,2021-09-06,04:25:14,2021-09-06,0
295,06:24:58,2021-09-06,05:24:58,2021-09-06,0
296,22:46:33,2021-09-06,21:46:33,2021-09-06,0
297,23:14:32,2021-09-06,22:14:32,2021-09-06,0
298,02:39:12,2021-09-07,01:39:12,2021-09-07,0
299,02:37:40,2021-09-07,01:37:40,2021-09-07,0
300,03:06:20,2021-09-07,02:06:20,2021-09-07,0
301,02:50:18,2021-09-07,01:50:18,2021-09-07,0
302,03:25:48,2021-09-07,02:25:48,2021-09-07,0
303,03:34:10,2021-09-07,02:34:10,2021-09-07,0
304,03:34:20,2021-09-07,02:34:20,2021-09-07,0
305,03:35:31,2021-09-07,02:35:31,2021-09-07,0
306,03:37:45,2021-09-07,02:37:45,2021-09-07,0
307,03:40:39,2021-09-07,02:40:39,2021-09-07,0
308,03:57:43,2021-09-07,02:57:43,2021-09-07,0
309,03:57:53,2021-09-07,02:57:53,2021-09-07,0
310,05:50:12,2021-09-07,04:50:12,2021-09-07,0
311,05:21:21,2021-09-07,04:21:21,2021-09-07,0
312,22:38:19,2021-09-07,21:38:19,2021-09-07,0
313,23:18:24,2021-09-07,22:18:24,2021-09-07,0
314,23:50:37,2021-09-07,22:50:37,2021-09-07,0
315,00:16:18,2021-09-07,23:16:18,2021-09-07,0
316,23:56:26,2021-09-07,22:56:26,2021-09-07,0
317,23:20:28,2021-09-07,22:20:28,2021-09-07,0
318,01:42:59,2021-09-08,00:42:59,2021-09-08,0
319,01:44:32,2021-09-08,00:44:32,2021-09-08,0
320,01:47:06,2021-09-08,00:47:06,2021-09-08,0
321,02:07:29,2021-09-08,01:07:29,2021-09-08,0
322,01:48:28,2021-09-08,00:48:28,2021-09-08,0
323,01:45:13,2021-09-08,00:45:13,2021-09-08,0
324,02:33:52,2021-09-08,01:33:52,2021-09-08,0
325,02:17:25,2021-09-08,01:17:25,2021-09-08,0
326,02:37:07,2021-09-08,01:37:07,2021-09-08,0
327,02:50:59,2021-09-08,01:50:59,2021-09-08,0
328,02:55:37,2021-09-08,01:55:37,2021-09-08,0
329,04:14:04,2021-09-08,03:14:04,2021-09-08,0
330,02:59:33,2021-09-08,01:59:33,2021-09-08,0
331,04:38:24,2021-09-08,03:38:24,2021-09-08,0
332,04:39:46,2021-09-08,03:39:46,2021-09-08,0
333,05:02:33,2021-09-08,04:02:33,2021-09-08,0
334,05:04:26,2021-09-08,04:04:26,2021-09-08,0
335,05:16:05,2021-09-08,04:16:05,2021-09-08,0
336,05:11:58,2021-09-08,04:11:58,2021-09-08,0
337,05:30:08,2021-09-08,04:30:08,2021-09-08,0
338,05:20:01,2021-09-08,04:20:01,2021-09-08,0
339,22:35:55,2021-09-08,21:35:55,2021-09-08,0
340,22:30:36,2021-09-08,21:30:36,2021-09-08,0
341,22:38:29,2021-09-08,21:38:29,2021-09-08,0
342,00:13:03,2021-09-08,23:13:03,2021-09-08,0
343,00:29:19,2021-09-08,23:29:19,2021-09-08,0
344,00:02:25,2021-09-08,23:02:25,2021-09-08,0
345,00:50:13,2021-09-09,23:50:13,2021-09-09,0
346,01:38:31,2021-09-09,00:38:31,2021-09-09,0
347,01:55:19,2021-09-09,00:55:19,2021-09-09,0
348,01:07:11,2021-09-09,00:07:11,2021-09-09,0
349,01:59:05,2021-09-09,00:59:05,2021-09-09,0
350,02:03:52,2021-09-09,01:03:52,2021-09-09,0
351,02:22:43,2021-09-09,01:22:43,2021-09-09,0
352,02:24:57,2021-09-09,01:24:57,2021-09-09,0
353,02:29:24,2021-09-09,01:29:24,2021-09-09,0
354,02:45:50,2021-09-09,01:45:50,2021-09-09,0
355,02:44:28,2021-09-09,01:44:28,2021-09-09,0
356,02:48:25,2021-09-09,01:48:25,2021-09-09,0
357,03:01:36,2021-09-09,02:01:36,2021-09-09,0
358,03:04:51,2021-09-09,02:04:51,2021-09-09,0
359,02:56:07,2021-09-09,01:56:07,2021-09-09,0
360,03:06:44,2021-09-09,02:06:44,2021-09-09,0
361,03:08:27,2021-09-09,02:08:27,2021-09-09,0
362,03:38:36,2021-09-09,02:38:36,2021-09-09,0
363,04:27:14,2021-09-09,03:27:14,2021-09-09,0
364,04:35:17,2021-09-09,03:35:17,2021-09-09,0
365,03:28:40,2021-09-09,02:28:40,2021-09-09,0
366,04:38:02,2021-09-09,03:38:02,2021-09-09,0
367,04:36:40,2021-09-09,03:36:40,2021-09-09,0
368,22:32:20,2021-09-09,21:32:20,2021-09-09,0
369,22:37:07,2021-09-09,21:37:07,2021-09-09,0
370,22:33:42,2021-09-09,21:33:42,2021-09-09,0
371,22:38:39,2021-09-09,21:38:39,2021-09-09,0
372,22:59:39,2021-09-09,21:59:39,2021-09-09,0
373,23:25:04,2021-09-09,22:25:04,2021-09-09,0
374,23:48:27,2021-09-09,22:48:27,2021-09-09,0
375,23:59:02,2021-09-09,22:59:02,2021-09-09,0
376,23:54:57,2021-09-09,22:54:57,2021-09-09,0
377,00:08:56,2021-09-09,23:08:56,2021-09-09,0
378,23:50:20,2021-09-09,22:50:20,2021-09-09,0
379,00:13:43,2021-09-09,23:13:43,2021-09-09,0
380,00:12:42,2021-09-09,23:12:42,2021-09-09,0
381,00:09:58,2021-09-09,23:09:58,2021-09-09,0
382,00:19:52,2021-09-09,23:19:52,2021-09-09,0
383,00:25:30,2021-09-09,23:25:30,2021-09-09,0
384,00:28:24,2021-09-09,23:28:24,2021-09-09,0
385,00:31:08,2021-09-10,23:31:08,2021-09-10,0
386,00:48:33,2021-09-10,23:48:33,2021-09-10,0
387,00:46:19,2021-09-10,23:46:19,2021-09-10,0
388,00:53:40,2021-09-10,23:53:40,2021-09-10,0
389,01:01:31,2021-09-10,00:01:31,2021-09-10,0
390,01:15:00,2021-09-10,00:15:00,2021-09-10,0
391,02:12:52,2021-09-10,01:12:52,2021-09-10,0
392,01:29:51,2021-09-10,00:29:51,2021-09-10,0
393,03:02:43,2021-09-10,02:02:43,2021-09-10,0
394,02:28:34,2021-09-10,01:28:34,2021-09-10,0
395,03:31:33,2021-09-10,02:31:33,2021-09-10,0
396,03:52:43,2021-09-10,02:52:43,2021-09-10,0
397,03:45:13,2021-09-10,02:45:13,2021-09-10,0
398,03:56:08,2021-09-10,02:56:08,2021-09-10,0
399,04:46:50,2021-09-10,03:46:50,2021-09-10,0
400,05:22:00,2021-09-10,04:22:00,2021-09-10,0
401,06:10:38,2021-09-10,05:10:38,2021-09-10,0
402,06:02:17,2021-09-10,05:02:17,2021-09-10,0
403,23:02:20,2021-09-10,22:02:20,2021-09-10,0
404,23:11:02,2021-09-10,22:11:02,2021-09-10,0
405,23:34:05,2021-09-10,22:34:05,2021-09-10,0
406,23:21:27,2021-09-10,22:21:27,2021-09-10,0
407,23:39:32,2021-09-10,22:39:32,2021-09-10,0
408,23:50:58,2021-09-10,22:50:58,2021-09-10,0
409,23:54:13,2021-09-10,22:54:13,2021-09-10,0
410,00:06:30,2021-09-10,23:06:30,2021-09-10,0
411,23:59:00,2021-09-10,22:59:00,2021-09-10,0
412,00:20:10,2021-09-10,23:20:10,2021-09-10,0
413,00:23:04,2021-09-10,23:23:04,2021-09-10,0
414,00:25:27,2021-09-10,23:25:27,2021-09-10,0
415,00:32:48,2021-09-11,23:32:48,2021-09-11,0
416,00:40:49,2021-09-11,23:40:49,2021-09-11,0
417,00:46:17,2021-09-11,23:46:17,2021-09-11,0
418,00:49:11,2021-09-11,23:49:11,2021-09-11,0
419,01:03:21,2021-09-11,00:03:21,2021-09-11,0
420,01:03:11,2021-09-11,00:03:11,2021-09-11,0
421,01:16:09,2021-09-11,00:16:09,2021-09-11,0
422,01:17:21,2021-09-11,00:17:21,2021-09-11,0
423,01:18:32,2021-09-11,00:18:32,2021-09-11,0
424,01:28:57,2021-09-11,00:28:57,2021-09-11,0
425,01:31:00,2021-09-11,00:31:00,2021-09-11,0
426,01:33:03,2021-09-11,00:33:03,2021-09-11,0
427,01:32:02,2021-09-11,00:32:02,2021-09-11,0
428,01:44:50,2021-09-11,00:44:50,2021-09-11,0
429,01:34:56,2021-09-11,00:34:56,2021-09-11,0
430,01:52:30,2021-09-11,00:52:30,2021-09-11,0
431,01:55:55,2021-09-11,00:55:55,2021-09-11,0
432,02:02:04,2021-09-11,01:02:04,2021-09-11,0
433,01:56:46,2021-09-11,00:56:46,2021-09-11,0
434,02:03:46,2021-09-11,01:03:46,2021-09-11,0
435,02:32:06,2021-09-11,01:32:06,2021-09-11,0
436,03:07:37,2021-09-11,02:07:37,2021-09-11,0
437,02:37:03,2021-09-11,01:37:03,2021-09-11,0
438,03:15:58,2021-09-11,02:15:58,2021-09-11,0
439,03:22:58,2021-09-11,02:22:58,2021-09-11,0
440,03:32:42,2021-09-11,02:32:42,2021-09-11,0
441,04:53:36,2021-09-11,03:53:36,2021-09-11,0
442,04:15:22,2021-09-11,03:15:22,2021-09-11,0
443,04:37:54,2021-09-11,03:37:54,2021-09-11,0
444,06:23:23,2021-09-11,05:23:23,2021-09-11,0
445,04:56:30,2021-09-11,03:56:30,2021-09-11,0
446,06:25:06,2021-09-11,05:25:06,2021-09-11,0
447,23:26:22,2021-09-11,22:26:22,2021-09-11,0
448,22:53:46,2021-09-11,21:53:46,2021-09-11,0
449,23:48:34,2021-09-11,22:48:34,2021-09-11,0
450,23:41:03,2021-09-11,22:41:03,2021-09-11,0
451,23:34:03,2021-09-11,22:34:03,2021-09-11,0
452,23:19:21,2021-09-12,22:19:21,2021-09-12,0
453,23:13:33,2021-09-12,22:13:33,2021-09-12,0
454,23:30:57,2021-09-12,22:30:57,2021-09-12,0
455,23:49:03,2021-09-12,22:49:03,2021-09-12,0
456,23:53:40,2021-09-12,22:53:40,2021-09-12,0
457,22:57:51,2021-09-12,21:57:51,2021-09-12,0
458,23:54:51,2021-09-12,22:54:51,2021-09-12,0
459,01:15:14,2021-09-13,00:15:14,2021-09-13,0
460,01:08:45,2021-09-13,00:08:45,2021-09-13,0
461,01:31:48,2021-09-13,00:31:48,2021-09-13,0
462,02:34:26,2021-09-13,01:34:26,2021-09-13,0
463,03:19:29,2021-09-13,02:19:29,2021-09-13,0
464,01:37:56,2021-09-13,00:37:56,2021-09-13,0
465,04:28:16,2021-09-13,03:28:16,2021-09-13,0
466,05:10:46,2021-09-13,04:10:46,2021-09-13,0
467,05:36:43,2021-09-13,04:36:43,2021-09-13,0
468,06:05:44,2021-09-13,05:05:44,2021-09-13,0
469,06:13:24,2021-09-13,05:13:24,2021-09-13,0
470,06:16:59,2021-09-13,05:16:59,2021-09-13,0
471,23:50:28,2021-09-13,22:50:28,2021-09-13,0
472,23:54:24,2021-09-13,22:54:24,2021-09-13,0
473,23:59:31,2021-09-13,22:59:31,2021-09-13,0
474,00:02:56,2021-09-13,23:02:56,2021-09-13,0
475,00:11:38,2021-09-13,23:11:38,2021-09-13,0
476,00:15:54,2021-09-13,23:15:54,2021-09-13,0
477,00:30:04,2021-09-14,23:30:04,2021-09-14,0
478,00:21:22,2021-09-13,23:21:22,2021-09-13,0
479,00:31:16,2021-09-14,23:31:16,2021-09-14,0
480,00:22:13,2021-09-13,23:22:13,2021-09-13,0
481,00:35:22,2021-09-14,23:35:22,2021-09-14,0
482,00:44:45,2021-09-14,23:44:45,2021-09-14,0
483,00:45:57,2021-09-14,23:45:57,2021-09-14,0
484,00:56:32,2021-09-14,23:56:32,2021-09-14,0
485,00:49:42,2021-09-14,23:49:42,2021-09-14,0
486,00:59:36,2021-09-14,23:59:36,2021-09-14,0
487,01:14:48,2021-09-14,00:14:48,2021-09-14,0
488,01:03:21,2021-09-14,00:03:21,2021-09-14,0
489,01:22:18,2021-09-14,00:22:18,2021-09-14,0
490,01:24:42,2021-09-14,00:24:42,2021-09-14,0
491,01:33:34,2021-09-14,00:33:34,2021-09-14,0
492,01:30:40,2021-09-14,00:30:40,2021-09-14,0
493,01:27:15,2021-09-14,00:27:15,2021-09-14,0
494,01:40:44,2021-09-14,00:40:44,2021-09-14,0
495,03:32:12,2021-09-14,02:32:12,2021-09-14,0
496,03:24:21,2021-09-14,02:24:21,2021-09-14,0
497,03:34:15,2021-09-14,02:34:15,2021-09-14,0
498,03:21:57,2021-09-14,02:21:57,2021-09-14,0
499,04:10:36,2021-09-14,03:10:36,2021-09-14,0
500,04:13:00,2021-09-14,03:13:00,2021-09-14,0
501,04:21:32,2021-09-14,03:21:32,2021-09-14,0
502,04:41:20,2021-09-14,03:41:20,2021-09-14,0
503,04:28:32,2021-09-14,03:28:32,2021-09-14,0
504,04:46:27,2021-09-14,03:46:27,2021-09-14,0
505,04:45:16,2021-09-14,03:45:16,2021-09-14,0
506,04:50:33,2021-09-14,03:50:33,2021-09-14,0
507,04:54:29,2021-09-14,03:54:29,2021-09-14,0
508,04:49:52,2021-09-14,03:49:52,2021-09-14,0
509,04:55:30,2021-09-14,03:55:30,2021-09-14,0
510,05:35:37,2021-09-14,04:35:37,2021-09-14,0
511,05:44:09,2021-09-14,04:44:09,2021-09-14,0
512,04:59:46,2021-09-14,03:59:46,2021-09-14,0
513,05:30:09,2021-09-14,04:30:09,2021-09-14,0
514,05:45:11,2021-09-14,04:45:11,2021-09-14,0
515,06:25:48,2021-09-14,05:25:48,2021-09-14,0
516,22:45:51,2021-09-14,21:45:51,2021-09-14,0
517,22:57:07,2021-09-14,21:57:07,2021-09-14,0
518,23:17:15,2021-09-14,22:17:15,2021-09-14,0
519,23:18:37,2021-09-14,22:18:37,2021-09-14,0
520,23:21:41,2021-09-14,22:21:41,2021-09-14,0
521,23:30:44,2021-09-14,22:30:44,2021-09-14,0
522,23:39:47,2021-09-14,22:39:47,2021-09-14,0
523,23:41:19,2021-09-14,22:41:19,2021-09-14,0
524,23:48:19,2021-09-14,22:48:19,2021-09-14,0
525,23:49:31,2021-09-14,22:49:31,2021-09-14,0
526,23:53:57,2021-09-14,22:53:57,2021-09-14,0
527,23:51:34,2021-09-14,22:51:34,2021-09-14,0
528,23:59:25,2021-09-14,22:59:25,2021-09-14,0
529,00:11:22,2021-09-14,23:11:22,2021-09-14,0
530,23:57:22,2021-09-14,22:57:22,2021-09-14,0
531,01:13:19,2021-09-15,00:13:19,2021-09-15,0
532,00:28:57,2021-09-14,23:28:57,2021-09-14,0
533,01:46:46,2021-09-15,00:46:46,2021-09-15,0
534,00:46:52,2021-09-15,23:46:52,2021-09-15,0
535,01:59:14,2021-09-15,00:59:14,2021-09-15,0
536,02:30:28,2021-09-15,01:30:28,2021-09-15,0
537,02:22:37,2021-09-15,01:22:37,2021-09-15,0
538,02:33:53,2021-09-15,01:33:53,2021-09-15,0
539,03:51:22,2021-09-15,02:51:22,2021-09-15,0
540,04:20:34,2021-09-15,03:20:34,2021-09-15,0
541,04:25:20,2021-09-15,03:25:20,2021-09-15,0
542,06:12:32,2021-09-15,05:12:32,2021-09-15,0
543,04:50:16,2021-09-15,03:50:16,2021-09-15,0
544,06:27:13,2021-09-15,05:27:13,2021-09-15,0
545,06:18:10,2021-09-15,05:18:10,2021-09-15,0
546,22:42:47,2021-09-15,21:42:47,2021-09-15,0
547,22:56:46,2021-09-15,21:56:46,2021-09-15,0
548,22:44:49,2021-09-15,21:44:49,2021-09-15,0
549,23:01:02,2021-09-15,22:01:02,2021-09-15,0
550,23:10:46,2021-09-15,22:10:46,2021-09-15,0
551,23:04:58,2021-09-15,22:04:58,2021-09-15,0
552,23:18:58,2021-09-15,22:18:58,2021-09-15,0
553,23:21:11,2021-09-15,22:21:11,2021-09-15,0
554,23:22:12,2021-09-15,22:22:12,2021-09-15,0
555,23:31:15,2021-09-15,22:31:15,2021-09-15,0
556,23:23:24,2021-09-15,22:23:24,2021-09-15,0
557,23:32:27,2021-09-15,22:32:27,2021-09-15,0
558,23:39:06,2021-09-15,22:39:06,2021-09-15,0
559,23:48:29,2021-09-15,22:48:29,2021-09-15,0
560,23:58:03,2021-09-15,22:58:03,2021-09-15,0
561,23:45:56,2021-09-15,22:45:56,2021-09-15,0
562,00:01:38,2021-09-15,23:01:38,2021-09-15,0
563,00:02:49,2021-09-15,23:02:49,2021-09-15,0
564,00:38:40,2021-09-16,23:38:40,2021-09-16,0
565,00:58:38,2021-09-16,23:58:38,2021-09-16,0
566,00:42:25,2021-09-16,23:42:25,2021-09-16,0
567,23:52:04,2021-09-15,22:52:04,2021-09-15,0
568,01:04:06,2021-09-16,00:04:06,2021-09-16,0
569,01:36:21,2021-09-16,00:36:21,2021-09-16,0
570,01:30:43,2021-09-16,00:30:43,2021-09-16,0
571,01:57:31,2021-09-16,00:57:31,2021-09-16,0
572,01:59:44,2021-09-16,00:59:44,2021-09-16,0
573,02:30:07,2021-09-16,01:30:07,2021-09-16,0
574,02:49:55,2021-09-16,01:49:55,2021-09-16,0
575,02:55:23,2021-09-16,01:55:23,2021-09-16,0
576,02:36:26,2021-09-16,01:36:26,2021-09-16,0
577,03:08:52,2021-09-16,02:08:52,2021-09-16,0
578,03:13:59,2021-09-16,02:13:59,2021-09-16,0
579,03:19:07,2021-09-16,02:19:07,2021-09-16,0
580,03:50:21,2021-09-16,02:50:21,2021-09-16,0
581,03:29:11,2021-09-16,02:29:11,2021-09-16,0
582,03:15:11,2021-09-16,02:15:11,2021-09-16,0
583,04:34:13,2021-09-16,03:34:13,2021-09-16,0
584,04:22:16,2021-09-16,03:22:16,2021-09-16,0
585,04:46:00,2021-09-16,03:46:00,2021-09-16,0
586,04:41:13,2021-09-16,03:41:13,2021-09-16,0
587,04:50:05,2021-09-16,03:50:05,2021-09-16,0
588,06:24:49,2021-09-16,05:24:49,2021-09-16,0
589,06:15:26,2021-09-16,05:15:26,2021-09-16,0
590,06:19:21,2021-09-16,05:19:21,2021-09-16,0
591,06:28:34,2021-09-16,05:28:34,2021-09-16,0
592,23:16:34,2021-09-16,22:16:34,2021-09-16,0
593,23:14:10,2021-09-16,22:14:10,2021-09-16,0
594,23:23:03,2021-09-16,22:23:03,2021-09-16,0
595,23:40:38,2021-09-16,22:40:38,2021-09-16,0
596,00:07:26,2021-09-16,23:07:26,2021-09-16,0
597,00:10:41,2021-09-16,23:10:41,2021-09-16,0
598,23:58:13,2021-09-16,22:58:13,2021-09-16,0
599,00:13:14,2021-09-16,23:13:14,2021-09-16,0
600,23:48:29,2021-09-16,22:48:29,2021-09-16,0
601,00:17:51,2021-09-16,23:17:51,2021-09-16,0
602,00:26:23,2021-09-16,23:26:23,2021-09-16,0
603,00:20:45,2021-09-16,23:20:45,2021-09-16,0
604,00:14:47,2021-09-16,23:14:47,2021-09-16,0
605,00:28:57,2021-09-16,23:28:57,2021-09-16,0
606,01:53:36,2021-09-17,00:53:36,2021-09-17,0
607,02:10:20,2021-09-17,01:10:20,2021-09-17,0
608,02:42:15,2021-09-17,01:42:15,2021-09-17,0
609,03:04:06,2021-09-17,02:04:06,2021-09-17,0
610,03:10:46,2021-09-17,02:10:46,2021-09-17,0
611,03:15:43,2021-09-17,02:15:43,2021-09-17,0
612,03:25:26,2021-09-17,02:25:26,2021-09-17,0
613,03:13:50,2021-09-17,02:13:50,2021-09-17,0
614,03:32:47,2021-09-17,02:32:47,2021-09-17,0
615,03:24:15,2021-09-17,02:24:15,2021-09-17,0
616,03:37:34,2021-09-17,02:37:34,2021-09-17,0
617,03:48:39,2021-09-17,02:48:39,2021-09-17,0
618,03:49:41,2021-09-17,02:49:41,2021-09-17,0
619,03:40:07,2021-09-17,02:40:07,2021-09-17,0
620,03:46:47,2021-09-17,02:46:47,2021-09-17,0
621,03:52:45,2021-09-17,02:52:45,2021-09-17,0
622,04:01:07,2021-09-17,03:01:07,2021-09-17,0
623,04:02:09,2021-09-17,03:02:09,2021-09-17,0
624,04:21:05,2021-09-17,03:21:05,2021-09-17,0
625,04:22:17,2021-09-17,03:22:17,2021-09-17,0
626,04:41:34,2021-09-17,03:41:34,2021-09-17,0
627,04:04:42,2021-09-17,03:04:42,2021-09-17,0
628,04:49:15,2021-09-17,03:49:15,2021-09-17,0
629,04:46:21,2021-09-17,03:46:21,2021-09-17,0
630,04:50:27,2021-09-17,03:50:27,2021-09-17,0
631,05:07:52,2021-09-17,04:07:52,2021-09-17,0
632,05:10:46,2021-09-17,04:10:46,2021-09-17,0
633,04:55:14,2021-09-17,03:55:14,2021-09-17,0
634,05:13:40,2021-09-17,04:13:40,2021-09-17,0
635,06:13:55,2021-09-17,05:13:55,2021-09-17,0
636,06:12:54,2021-09-17,05:12:54,2021-09-17,0
637,05:44:34,2021-09-17,04:44:34,2021-09-17,0
638,22:58:46,2021-09-17,21:58:46,2021-09-17,0
639,22:41:51,2021-09-17,21:41:51,2021-09-17,0
640,00:43:06,2021-09-18,23:43:06,2021-09-18,0
641,00:44:08,2021-09-18,23:44:08,2021-09-18,0
642,01:02:34,2021-09-18,00:02:34,2021-09-18,0
643,01:23:55,2021-09-18,00:23:55,2021-09-18,0
644,01:38:56,2021-09-18,00:38:56,2021-09-18,0
645,01:27:20,2021-09-18,00:27:20,2021-09-18,0
646,02:09:30,2021-09-18,01:09:30,2021-09-18,0
647,02:06:36,2021-09-18,01:06:36,2021-09-18,0
648,02:18:43,2021-09-18,01:18:43,2021-09-18,0
649,02:16:09,2021-09-18,01:16:09,2021-09-18,0
650,02:26:44,2021-09-18,01:26:44,2021-09-18,0
651,02:21:27,2021-09-18,01:21:27,2021-09-18,0
652,02:29:08,2021-09-18,01:29:08,2021-09-18,0
653,03:01:54,2021-09-18,02:01:54,2021-09-18,0
654,03:10:27,2021-09-18,02:10:27,2021-09-18,0
655,03:04:18,2021-09-18,02:04:18,2021-09-18,0
656,03:29:03,2021-09-18,02:29:03,2021-09-18,0
657,04:39:54,2021-09-18,03:39:54,2021-09-18,0
658,04:49:07,2021-09-18,03:49:07,2021-09-18,0
659,05:54:09,2021-09-18,04:54:09,2021-09-18,0
660,05:58:55,2021-09-18,04:58:55,2021-09-18,0
661,06:13:06,2021-09-18,05:13:06,2021-09-18,0
662,22:30:55,2021-09-20,21:30:55,2021-09-20,0
663,22:32:37,2021-09-20,21:32:37,2021-09-20,0
664,22:55:34,2021-09-20,21:55:34,2021-09-20,0
665,23:00:22,2021-09-20,22:00:22,2021-09-20,0
666,23:12:42,2021-09-20,22:12:42,2021-09-20,0
667,23:04:39,2021-09-20,22:04:39,2021-09-20,0
668,23:17:51,2021-09-20,22:17:51,2021-09-20,0
669,23:02:56,2021-09-20,22:02:56,2021-09-20,0
670,23:27:06,2021-09-20,22:27:06,2021-09-20,0
671,23:53:39,2021-09-20,22:53:39,2021-09-20,0
672,23:58:26,2021-09-20,22:58:26,2021-09-20,0
673,01:04:24,2021-09-21,00:04:24,2021-09-21,0
674,00:51:22,2021-09-21,23:51:22,2021-09-21,0
675,01:16:33,2021-09-21,00:16:33,2021-09-21,0
676,01:11:35,2021-09-21,00:11:35,2021-09-21,0
677,01:34:33,2021-09-21,00:34:33,2021-09-21,0
678,01:06:47,2021-09-21,00:06:47,2021-09-21,0
679,01:31:38,2021-09-21,00:31:38,2021-09-21,0
680,01:21:21,2021-09-21,00:21:21,2021-09-21,0
681,02:07:36,2021-09-21,01:07:36,2021-09-21,0
682,02:11:12,2021-09-21,01:11:12,2021-09-21,0
683,02:28:30,2021-09-21,01:28:30,2021-09-21,0
684,02:18:55,2021-09-21,01:18:55,2021-09-21,0
685,02:35:01,2021-09-21,01:35:01,2021-09-21,0
686,03:08:46,2021-09-21,02:08:46,2021-09-21,0
687,02:41:42,2021-09-21,01:41:42,2021-09-21,0
688,03:16:59,2021-09-21,02:16:59,2021-09-21,0
689,03:19:12,2021-09-21,02:19:12,2021-09-21,0
690,03:23:19,2021-09-21,02:23:19,2021-09-21,0
691,03:33:05,2021-09-21,02:33:05,2021-09-21,0
692,03:40:17,2021-09-21,02:40:17,2021-09-21,0
693,03:42:40,2021-09-21,02:42:40,2021-09-21,0
694,03:42:51,2021-09-21,02:42:51,2021-09-21,0
695,03:45:35,2021-09-21,02:45:35,2021-09-21,0
696,03:47:38,2021-09-21,02:47:38,2021-09-21,0
697,03:46:06,2021-09-21,02:46:06,2021-09-21,0
698,03:48:50,2021-09-21,02:48:50,2021-09-21,0
699,03:50:33,2021-09-21,02:50:33,2021-09-21,0
700,03:49:42,2021-09-21,02:49:42,2021-09-21,0
701,03:51:35,2021-09-21,02:51:35,2021-09-21,0
702,03:54:09,2021-09-21,02:54:09,2021-09-21,0
703,04:40:34,2021-09-21,03:40:34,2021-09-21,0
704,04:10:25,2021-09-21,03:10:25,2021-09-21,0
705,05:24:14,2021-09-21,04:24:14,2021-09-21,0
706,04:41:46,2021-09-21,03:41:46,2021-09-21,0
707,04:44:41,2021-09-21,03:44:41,2021-09-21,0
708,05:34:52,2021-09-21,04:34:52,2021-09-21,0
709,05:36:55,2021-09-21,04:36:55,2021-09-21,0
710,05:41:43,2021-09-21,04:41:43,2021-09-21,0
711,05:37:05,2021-09-21,04:37:05,2021-09-21,0
712,05:46:20,2021-09-21,04:46:20,2021-09-21,0
713,05:47:32,2021-09-21,04:47:32,2021-09-21,0
714,05:52:40,2021-09-21,04:52:40,2021-09-21,0
715,06:04:19,2021-09-21,05:04:19,2021-09-21,0
716,05:56:47,2021-09-21,04:56:47,2021-09-21,0
717,06:18:22,2021-09-21,05:18:22,2021-09-21,0
718,06:26:25,2021-09-21,05:26:25,2021-09-21,0
719,22:31:06,2021-09-21,21:31:06,2021-09-21,0
720,22:35:43,2021-09-21,21:35:43,2021-09-21,0
721,22:34:42,2021-09-21,21:34:42,2021-09-21,0
722,22:36:45,2021-09-21,21:36:45,2021-09-21,0
723,22:37:47,2021-09-21,21:37:47,2021-09-21,0
724,22:52:00,2021-09-21,21:52:00,2021-09-21,0
725,23:14:36,2021-09-21,22:14:36,2021-09-21,0
726,23:02:06,2021-09-21,22:02:06,2021-09-21,0
727,23:24:22,2021-09-21,22:24:22,2021-09-21,0
728,23:54:00,2021-09-21,22:54:00,2021-09-21,0
729,23:40:59,2021-09-21,22:40:59,2021-09-21,0
730,23:51:16,2021-09-21,22:51:16,2021-09-21,0
731,00:00:31,2021-09-21,23:00:31,2021-09-21,0
732,00:17:08,2021-09-21,23:17:08,2021-09-21,0
733,23:57:05,2021-09-21,22:57:05,2021-09-21,0
734,00:21:25,2021-09-21,23:21:25,2021-09-21,0
735,00:13:21,2021-09-21,23:13:21,2021-09-21,0
736,00:23:07,2021-09-21,23:23:07,2021-09-21,0
737,00:22:36,2021-09-21,23:22:36,2021-09-21,0
738,01:22:54,2021-09-22,00:22:54,2021-09-22,0
739,01:24:48,2021-09-22,00:24:48,2021-09-22,0
740,01:39:52,2021-09-22,00:39:52,2021-09-22,0
741,01:47:55,2021-09-22,00:47:55,2021-09-22,0
742,01:48:05,2021-09-22,00:48:05,2021-09-22,0
743,01:52:12,2021-09-22,00:52:12,2021-09-22,0
744,03:46:28,2021-09-22,02:46:28,2021-09-22,0
745,04:18:30,2021-09-22,03:18:30,2021-09-22,0
746,02:17:54,2021-09-22,01:17:54,2021-09-22,0
747,04:41:58,2021-09-22,03:41:58,2021-09-22,0
748,04:29:38,2021-09-22,03:29:38,2021-09-22,0
749,04:39:55,2021-09-22,03:39:55,2021-09-22,0
750,04:43:10,2021-09-22,03:43:10,2021-09-22,0
751,05:36:57,2021-09-22,04:36:57,2021-09-22,0
752,05:40:23,2021-09-22,04:40:23,2021-09-22,0
753,06:06:56,2021-09-22,05:06:56,2021-09-22,0
754,05:54:46,2021-09-22,04:54:46,2021-09-22,0
755,06:09:20,2021-09-22,05:09:20,2021-09-22,0
756,22:44:41,2021-09-22,21:44:41,2021-09-22,0
757,22:43:29,2021-09-22,21:43:29,2021-09-22,0
758,22:47:56,2021-09-22,21:47:56,2021-09-22,0
759,22:42:06,2021-09-22,21:42:06,2021-09-22,0
760,22:49:08,2021-09-22,21:49:08,2021-09-22,0
761,22:51:01,2021-09-22,21:51:01,2021-09-22,0
762,22:57:42,2021-09-22,21:57:42,2021-09-22,0
763,22:57:31,2021-09-22,21:57:31,2021-09-22,0
764,23:00:47,2021-09-22,22:00:47,2021-09-22,0
765,23:02:09,2021-09-22,22:02:09,2021-09-22,0
766,23:29:44,2021-09-22,22:29:44,2021-09-22,0
767,23:36:25,2021-09-22,22:36:25,2021-09-22,0
768,23:07:28,2021-09-22,22:07:28,2021-09-22,0
769,23:39:30,2021-09-22,22:39:30,2021-09-22,0
770,23:43:46,2021-09-22,22:43:46,2021-09-22,0
771,00:03:39,2021-09-22,23:03:39,2021-09-22,0
772,23:49:26,2021-09-22,22:49:26,2021-09-22,0
773,00:07:25,2021-09-22,23:07:25,2021-09-22,0
774,00:38:25,2021-09-23,23:38:25,2021-09-23,0
775,00:42:52,2021-09-23,23:42:52,2021-09-23,0
776,01:17:59,2021-09-23,00:17:59,2021-09-23,0
777,01:58:55,2021-09-23,00:58:55,2021-09-23,0
778,02:43:48,2021-09-23,01:43:48,2021-09-23,0
779,02:55:17,2021-09-23,01:55:17,2021-09-23,0
780,00:53:09,2021-09-23,23:53:09,2021-09-23,0
781,03:24:34,2021-09-23,02:24:34,2021-09-23,0
782,03:15:50,2021-09-23,02:15:50,2021-09-23,0
783,02:58:22,2021-09-23,01:58:22,2021-09-23,0
784,03:30:45,2021-09-23,02:30:45,2021-09-23,0
785,03:52:50,2021-09-23,02:52:50,2021-09-23,0
786,03:59:00,2021-09-23,02:59:00,2021-09-23,0
787,04:06:12,2021-09-23,03:06:12,2021-09-23,0
788,03:44:16,2021-09-23,02:44:16,2021-09-23,0
789,05:06:40,2021-09-23,04:06:40,2021-09-23,0
790,05:30:39,2021-09-23,04:30:39,2021-09-23,0
791,05:37:41,2021-09-23,04:37:41,2021-09-23,0
792,05:54:07,2021-09-23,04:54:07,2021-09-23,0
793,05:56:11,2021-09-23,04:56:11,2021-09-23,0
794,06:07:50,2021-09-23,05:07:50,2021-09-23,0
795,05:59:36,2021-09-23,04:59:36,2021-09-23,0
796,06:27:42,2021-09-23,05:27:42,2021-09-23,0
797,04:48:00,2021-09-23,03:48:00,2021-09-23,0
798,23:03:09,2021-09-23,22:03:09,2021-09-23,0
799,23:56:14,2021-09-23,22:56:14,2021-09-23,0
800,00:30:02,2021-09-24,23:30:02,2021-09-24,0
801,23:07:56,2021-09-23,22:07:56,2021-09-23,0
802,01:20:02,2021-09-24,00:20:02,2021-09-24,0
803,23:26:11,2021-09-23,22:26:11,2021-09-23,0
804,01:31:59,2021-09-24,00:31:59,2021-09-24,0
805,01:12:21,2021-09-24,00:12:21,2021-09-24,0
806,01:49:03,2021-09-24,00:49:03,2021-09-24,0
807,01:43:05,2021-09-24,00:43:05,2021-09-24,0
808,01:50:15,2021-09-24,00:50:15,2021-09-24,0
809,01:49:14,2021-09-24,00:49:14,2021-09-24,0
810,02:31:44,2021-09-24,01:31:44,2021-09-24,0
811,03:53:30,2021-09-24,02:53:30,2021-09-24,0
812,04:11:15,2021-09-24,03:11:15,2021-09-24,0
813,04:09:02,2021-09-24,03:09:02,2021-09-24,0
814,04:21:19,2021-09-24,03:21:19,2021-09-24,0
815,04:22:31,2021-09-24,03:22:31,2021-09-24,0
816,04:26:57,2021-09-24,03:26:57,2021-09-24,0
817,04:37:11,2021-09-24,03:37:11,2021-09-24,0
818,04:40:26,2021-09-24,03:40:26,2021-09-24,0
819,05:04:40,2021-09-24,04:04:40,2021-09-24,0
820,06:11:04,2021-09-24,05:11:04,2021-09-24,0
821,05:41:43,2021-09-24,04:41:43,2021-09-24,0
822,06:21:39,2021-09-24,05:21:39,2021-09-24,0
823,04:04:35,2021-09-24,03:04:35,2021-09-24,0
824,06:28:49,2021-09-24,05:28:49,2021-09-24,0
825,22:42:31,2021-09-27,21:42:31,2021-09-27,0
826,22:40:38,2021-09-27,21:40:38,2021-09-27,0
827,23:40:33,2021-09-27,22:40:33,2021-09-27,0
828,00:18:16,2021-09-27,23:18:16,2021-09-27,0
829,23:46:41,2021-09-27,22:46:41,2021-09-27,0
830,00:11:37,2021-09-27,23:11:37,2021-09-27,0
831,00:19:59,2021-09-27,23:19:59,2021-09-27,0
832,00:21:10,2021-09-27,23:21:10,2021-09-27,0
833,00:24:45,2021-09-27,23:24:45,2021-09-27,0
834,00:35:20,2021-09-28,23:35:20,2021-09-28,0
835,00:54:58,2021-09-28,23:54:58,2021-09-28,0
836,00:42:30,2021-09-28,23:42:30,2021-09-28,0
837,01:57:37,2021-09-28,00:57:37,2021-09-28,0
838,00:46:26,2021-09-28,23:46:26,2021-09-28,0
839,02:17:15,2021-09-28,01:17:15,2021-09-28,0
840,02:25:47,2021-09-28,01:25:47,2021-09-28,0
841,02:38:15,2021-09-28,01:38:15,2021-09-28,0
842,02:55:39,2021-09-28,01:55:39,2021-09-28,0
843,03:54:02,2021-09-28,02:54:02,2021-09-28,0
844,02:54:07,2021-09-28,01:54:07,2021-09-28,0
845,04:13:19,2021-09-28,03:13:19,2021-09-28,0
846,05:13:55,2021-09-28,04:13:55,2021-09-28,0
847,03:04:32,2021-09-28,02:04:32,2021-09-28,0
848,05:05:33,2021-09-28,04:05:33,2021-09-28,0
849,05:38:30,2021-09-28,04:38:30,2021-09-28,0
850,22:33:38,2021-09-30,21:33:38,2021-09-30,0
851,23:01:13,2021-09-30,22:01:13,2021-09-30,0
852,23:04:08,2021-09-30,22:04:08,2021-09-30,0
853,22:36:54,2021-09-30,21:36:54,2021-09-30,0
854,23:18:41,2021-09-30,22:18:41,2021-09-30,0
855,23:09:06,2021-09-30,22:09:06,2021-09-30,0
856,23:32:13,2021-09-30,22:32:13,2021-09-30,0
857,23:33:15,2021-09-30,22:33:15,2021-09-30,0
858,23:24:31,2021-09-30,22:24:31,2021-09-30,0
859,23:37:22,2021-09-30,22:37:22,2021-09-30,0
860,01:19:50,2021-10-01,00:19:50,2021-10-01,0
861,01:16:35,2021-10-01,00:16:35,2021-10-01,0
862,23:23:19,2021-09-30,22:23:19,2021-09-30,0
863,01:36:47,2021-10-01,00:36:47,2021-10-01,0
864,01:31:49,2021-10-01,00:31:49,2021-10-01,0
865,01:43:49,2021-10-01,00:43:49,2021-10-01,0
866,01:50:40,2021-10-01,00:50:40,2021-10-01,0
867,01:57:52,2021-10-01,00:57:52,2021-10-01,0
868,01:43:39,2021-10-01,00:43:39,2021-10-01,0
869,02:05:34,2021-10-01,01:05:34,2021-10-01,0
870,02:07:37,2021-10-01,01:07:37,2021-10-01,0
871,02:01:38,2021-10-01,01:01:38,2021-10-01,0
872,02:08:49,2021-10-01,01:08:49,2021-10-01,0
873,02:17:44,2021-10-01,01:17:44,2021-10-01,0
874,02:19:57,2021-10-01,01:19:57,2021-10-01,0
875,02:30:35,2021-10-01,01:30:35,2021-10-01,0
876,02:23:33,2021-10-01,01:23:33,2021-10-01,0
877,02:16:32,2021-10-01,01:16:32,2021-10-01,0
878,02:40:51,2021-10-01,01:40:51,2021-10-01,0
879,02:34:52,2021-10-01,01:34:52,2021-10-01,0
880,03:36:32,2021-10-01,02:36:32,2021-10-01,0
881,04:16:16,2021-10-01,03:16:16,2021-10-01,0
882,05:45:21,2021-10-01,04:45:21,2021-10-01,0
883,06:05:24,2021-10-01,05:05:24,2021-10-01,0
884,04:46:25,2021-10-01,03:46:25,2021-10-01,0
885,06:27:30,2021-10-01,05:27:30,2021-10-01,0
886,06:18:35,2021-10-01,05:18:35,2021-10-01,0
887,22:37:50,2021-10-01,21:37:50,2021-10-01,0
888,22:36:38,2021-10-01,21:36:38,2021-10-01,0
889,22:30:30,2021-10-01,21:30:30,2021-10-01,0
890,22:43:28,2021-10-01,21:43:28,2021-10-01,0
891,23:01:44,2021-10-01,22:01:44,2021-10-01,0
892,23:03:36,2021-10-01,22:03:36,2021-10-01,0
893,23:02:35,2021-10-01,22:02:35,2021-10-01,0
894,23:24:26,2021-10-01,22:24:26,2021-10-01,0
895,23:27:10,2021-10-01,22:27:10,2021-10-01,0
896,23:32:07,2021-10-01,22:32:07,2021-10-01,0
897,23:49:21,2021-10-01,22:49:21,2021-10-01,0
898,00:06:05,2021-10-01,23:06:05,2021-10-01,0
899,00:20:15,2021-10-01,23:20:15,2021-10-01,0
900,00:21:17,2021-10-01,23:21:17,2021-10-01,0
901,00:08:59,2021-10-01,23:08:59,2021-10-01,0
902,00:22:18,2021-10-01,23:22:18,2021-10-01,0
903,00:27:56,2021-10-01,23:27:56,2021-10-01,0
904,00:39:12,2021-10-02,23:39:12,2021-10-02,0
905,00:35:47,2021-10-02,23:35:47,2021-10-02,0
906,00:51:30,2021-10-02,23:51:30,2021-10-02,0
907,01:10:26,2021-10-02,00:10:26,2021-10-02,0
908,00:57:28,2021-10-02,23:57:28,2021-10-02,0
909,02:13:36,2021-10-02,01:13:36,2021-10-02,0
910,02:18:44,2021-10-02,01:18:44,2021-10-02,0
911,02:19:25,2021-10-02,01:19:25,2021-10-02,0
912,02:30:30,2021-10-02,01:30:30,2021-10-02,0
913,02:44:10,2021-10-02,01:44:10,2021-10-02,0
914,04:44:30,2021-10-02,03:44:30,2021-10-02,0
915,04:38:01,2021-10-02,03:38:01,2021-10-02,0
916,03:24:06,2021-10-02,02:24:06,2021-10-02,0
917,05:42:32,2021-10-02,04:42:32,2021-10-02,0
918,05:58:35,2021-10-02,04:58:35,2021-10-02,0
919,05:59:06,2021-10-02,04:59:06,2021-10-02,0
920,06:13:47,2021-10-02,05:13:47,2021-10-02,0
921,06:17:11,2021-10-02,05:17:11,2021-10-02,0
922,01:29:57,2021-10-05,00:29:57,2021-10-05,0
923,22:31:48,2021-10-04,21:31:48,2021-10-04,0
924,01:37:29,2021-10-05,00:37:29,2021-10-05,0
925,02:26:59,2021-10-05,01:26:59,2021-10-05,0
926,02:29:23,2021-10-05,01:29:23,2021-10-05,0
927,02:28:11,2021-10-05,01:28:11,2021-10-05,0
928,02:51:19,2021-10-05,01:51:19,2021-10-05,0
929,02:37:57,2021-10-05,01:37:57,2021-10-05,0
930,03:05:21,2021-10-05,02:05:21,2021-10-05,0
931,03:20:05,2021-10-05,02:20:05,2021-10-05,0
932,03:26:56,2021-10-05,02:26:56,2021-10-05,0
933,03:02:57,2021-10-05,02:02:57,2021-10-05,0
934,04:06:30,2021-10-05,03:06:30,2021-10-05,0
935,04:16:47,2021-10-05,03:16:47,2021-10-05,0
936,03:34:59,2021-10-05,02:34:59,2021-10-05,0
937,04:40:56,2021-10-05,03:40:56,2021-10-05,0
938,05:39:42,2021-10-05,04:39:42,2021-10-05,0
939,05:03:23,2021-10-05,04:03:23,2021-10-05,0
940,23:24:00,2021-10-05,22:24:00,2021-10-05,0
941,23:03:31,2021-10-05,22:03:31,2021-10-05,0
942,23:27:35,2021-10-05,22:27:35,2021-10-05,0
943,23:34:25,2021-10-05,22:34:25,2021-10-05,0
944,23:28:36,2021-10-05,22:28:36,2021-10-05,0
945,23:44:19,2021-10-05,22:44:19,2021-10-05,0
946,23:45:41,2021-10-05,22:45:41,2021-10-05,0
947,23:37:08,2021-10-05,22:37:08,2021-10-05,0
948,23:50:38,2021-10-05,22:50:38,2021-10-05,0
949,23:47:54,2021-10-05,22:47:54,2021-10-05,0
950,00:15:23,2021-10-05,23:15:23,2021-10-05,0
951,00:43:33,2021-10-06,23:43:33,2021-10-06,0
952,01:05:54,2021-10-06,00:05:54,2021-10-06,0
953,01:38:41,2021-10-06,00:38:41,2021-10-06,0
954,01:17:41,2021-10-06,00:17:41,2021-10-06,0
955,02:22:23,2021-10-06,01:22:23,2021-10-06,0
956,02:17:46,2021-10-06,01:17:46,2021-10-06,0
957,02:27:40,2021-10-06,01:27:40,2021-10-06,0
958,02:31:05,2021-10-06,01:31:05,2021-10-06,0
959,02:32:17,2021-10-06,01:32:17,2021-10-06,0
960,04:45:26,2021-10-06,03:45:26,2021-10-06,0
961,02:59:56,2021-10-06,01:59:56,2021-10-06,0
962,03:24:41,2021-10-06,02:24:41,2021-10-06,0
963,04:57:33,2021-10-06,03:57:33,2021-10-06,0
964,04:52:15,2021-10-06,03:52:15,2021-10-06,0
965,05:45:31,2021-10-06,04:45:31,2021-10-06,0
966,05:52:11,2021-10-06,04:52:11,2021-10-06,0
967,06:19:29,2021-10-06,05:19:29,2021-10-06,0
968,06:24:57,2021-10-06,05:24:57,2021-10-06,0
